{
    "frames": [
        {
            "filename": "zombie_2",
            "frame": {
                "w": 97,
                "h": 145,
                "x": 0,
                "y": 0
            },
            "anchor": {
                "x": 0.5,
                "y": 0.5
            }
        },
        {
            "filename": "zombie_7",
            "frame": {
                "w": 112,
                "h": 145,
                "x": 97,
                "y": 0
            },
            "anchor": {
                "x": 0.5,
                "y": 0.5
            }
        },
        {
            "filename": "zombie_9",
            "frame": {
                "w": 81,
                "h": 144,
                "x": 0,
                "y": 145
            },
            "anchor": {
                "x": 0.5,
                "y": 0.5
            }
        },
        {
            "filename": "zombie_8",
            "frame": {
                "w": 96,
                "h": 144,
                "x": 81,
                "y": 145
            },
            "anchor": {
                "x": 0.5,
                "y": 0.5
            }
        },
        {
            "filename": "zombie_10",
            "frame": {
                "w": 81,
                "h": 144,
                "x": 177,
                "y": 145
            },
            "anchor": {
                "x": 0.5,
                "y": 0.5
            }
        },
        {
            "filename": "zombie_11",
            "frame": {
                "w": 81,
                "h": 144,
                "x": 209,
                "y": 0
            },
            "anchor": {
                "x": 0.5,
                "y": 0.5
            }
        },
        {
            "filename": "zombie_12",
            "frame": {
                "w": 81,
                "h": 144,
                "x": 0,
                "y": 289
            },
            "anchor": {
                "x": 0.5,
                "y": 0.5
            }
        },
        {
            "filename": "zombie_13",
            "frame": {
                "w": 81,
                "h": 144,
                "x": 81,
                "y": 289
            },
            "anchor": {
                "x": 0.5,
                "y": 0.5
            }
        },
        {
            "filename": "zombie_1",
            "frame": {
                "w": 81,
                "h": 144,
                "x": 162,
                "y": 289
            },
            "anchor": {
                "x": 0.5,
                "y": 0.5
            }
        },
        {
            "filename": "zombie_3",
            "frame": {
                "w": 112,
                "h": 144,
                "x": 243,
                "y": 289
            },
            "anchor": {
                "x": 0.5,
                "y": 0.5
            }
        },
        {
            "filename": "zombie_4",
            "frame": {
                "w": 97,
                "h": 144,
                "x": 258,
                "y": 144
            },
            "anchor": {
                "x": 0.5,
                "y": 0.5
            }
        },
        {
            "filename": "zombie_5",
            "frame": {
                "w": 96,
                "h": 144,
                "x": 290,
                "y": 0
            },
            "anchor": {
                "x": 0.5,
                "y": 0.5
            }
        },
        {
            "filename": "zombie_6",
            "frame": {
                "w": 96,
                "h": 143,
                "x": 386,
                "y": 0
            },
            "anchor": {
                "x": 0.5,
                "y": 0.5
            }
        }
    ],
    "meta": {
        "description": "Atlas generado con Atlas Packer Gamma V2",
        "web": "https://gammafp.github.io/atlas-packer-phaser/"
    }
}